Batch Size,Time (ms)
1024,0.12800000607967377
4096,0.08806400001049042
16384,0.07372800260782242
65536,0.06860800087451935
262144,0.06860800087451935
1048576,0.07065600156784058
